Area,Area_Encontrada,ID
A009,1,2441
A009,1,2458
A009,1,2462
A009,1,2479
A009,1,2511
A007,1,2659
A007,1,2719
A006,1,2954
A006,1,2976
A006,1,2982
A006,1,3007
A005,1,3057
A005,1,3060
A005,1,3089
A005,1,3101
A005,1,3112
A003,1,3239
A003,1,3240
A003,1,3249
A003,1,3256
A003,1,3293
A003,1,3300
A003,1,3311
A002,1,3333
A002,1,3339
A002,1,3348
A002,1,3356
A002,1,3362
A002,1,3392
A002,1,3407
A002,1,3416
A002,1,3418
A002,1,3426
A001,1,3443
A001,1,3448
A001,1,3451
A001,1,3455
A001,1,3457
A001,1,3464
A001,1,3471
A001,1,3473
A001,1,3474
A001,1,3475
A001,1,3480
A001,1,3481
A001,1,3482
A001,1,3483
A001,1,3484
A001,1,3487
A001,1,3488
A001,1,3491
A001,1,3492
A001,1,3502
A001,1,3506
A001,1,3507
A001,1,3511
A001,1,3514
A001,1,3517
A001,1,3518
A001,1,3519
A001,1,3534
A010,2,2356
A009,2,2430
A009,2,2509
A008,2,2536
A008,2,2537
A008,2,2545
A008,2,2554
A008,2,2562
A008,2,2569
A008,2,2577
A008,2,2585
A008,2,2599
A008,2,2600
A008,2,2607
A007,2,2616
A007,2,2624
A007,2,2634
A007,2,2640
A007,2,2642
A007,2,2649
A007,2,2670
A007,2,2686
A007,2,2707
A007,2,2716
A007,2,2718
A006,2,2947
A006,2,2949
A006,2,2960
A006,2,2962
A006,2,2991
A006,2,2997
A006,2,3025
A006,2,3026
A005,2,3045
A005,2,3065
A005,2,3078
A005,2,3121
A005,2,3122
A004,2,3186
A004,2,3215
A004,2,3224
A003,2,3262
A003,2,3271
A003,2,3281
A003,2,3286
A002,2,3332
A002,2,3342
A002,2,3350
A002,2,3355
A002,2,3369
A002,2,3370
A002,2,3373
A002,2,3375
A002,2,3378
A002,2,3385
A002,2,3391
A002,2,3399
A002,2,3400
A002,2,3403
A002,2,3408
A002,2,3411
A002,2,3414
A002,2,3425
A002,2,3433
A002,2,3434
A001,2,3441
A001,2,3442
A001,2,3447
A001,2,3452
A001,2,3456
A001,2,3463
A001,2,3465
A001,2,3466
A001,2,3467
A001,2,3469
A001,2,3472
A001,2,3476
A001,2,3477
A001,2,3478
A001,2,3479
A001,2,3495
A001,2,3496
A001,2,3499
A001,2,3504
A001,2,3509
A001,2,3522
A001,2,3523
A001,2,3526
A001,2,3527
A001,2,3530
A001,2,3531
A001,2,3539
A001,2,3541
A001,2,3543
A011,3,2226
A011,3,2237
A011,3,2276
A010,3,2340
A010,3,2348
A010,3,2366
A010,3,2377
A010,3,2379
A010,3,2391
A009,3,2438
A009,3,2459
A009,3,2460
A009,3,2490
A009,3,2499
A009,3,2500
A009,3,2523
A008,3,2591
A007,3,2685
A005,3,3113
A003,3,3241
A003,3,3243
A003,3,3248
A003,3,3251
A003,3,3259
A003,3,3265
A003,3,3268
A003,3,3273
A003,3,3275
A003,3,3278
A003,3,3283
A003,3,3289
A003,3,3292
A003,3,3297
A003,3,3304
A003,3,3307
A003,3,3314
A003,3,3317
A003,3,3320
A003,3,3323
A003,3,3326
A002,3,3336
A002,3,3345
A002,3,3352
A002,3,3359
A002,3,3365
A002,3,3366
A002,3,3374
A002,3,3379
A002,3,3381
A002,3,3383
A002,3,3388
A002,3,3395
A002,3,3404
A002,3,3412
A002,3,3419
A002,3,3422
A002,3,3429
A002,3,3430
A001,3,3454
A001,3,3462
A001,3,3535
A025,4,816
A025,4,861
A024,4,865
A024,4,869
A024,4,873
A024,4,874
A024,4,878
A010,4,2406
A007,4,2636
A007,4,2654
A033Front,4,2744
A033Parking,4,2836
A033Parking,4,2838
A033Parking,4,2839
A033Parking,4,2841
A033Parking,4,2842
A033Parking,4,2844
A033Parking,4,2847
A033Parking,4,2849
A033Parking,4,2881
A006,4,2955
A006,4,2956
A006,4,2958
A006,4,2959
A006,4,2965
A006,4,2969
A006,4,2971
A006,4,2977
A006,4,2978
A006,4,2986
A006,4,2987
A006,4,3003
A006,4,3008
A006,4,3009
A006,4,3011
A006,4,3012
A006,4,3017
A006,4,3019
A005,4,3028
A005,4,3039
A005,4,3040
A005,4,3047
A005,4,3048
A005,4,3050
A005,4,3051
A005,4,3058
A005,4,3059
A005,4,3062
A005,4,3063
A005,4,3068
A005,4,3069
A005,4,3079
A005,4,3080
A005,4,3083
A005,4,3084
A005,4,3090
A005,4,3091
A005,4,3094
A005,4,3095
A005,4,3102
A005,4,3103
A005,4,3105
A005,4,3107
A005,4,3108
A005,4,3114
A005,4,3117
A005,4,3123
A005,4,3126
A004,4,3131
A004,4,3133
A004,4,3134
A004,4,3136
A004,4,3137
A004,4,3140
A004,4,3144
A004,4,3145
A004,4,3160
A004,4,3161
A004,4,3163
A004,4,3167
A004,4,3168
A004,4,3171
A004,4,3179
A004,4,3191
A004,4,3199
A004,4,3200
A004,4,3206
A004,4,3207
A004,4,3210
A004,4,3217
A004,4,3218
A004,4,3221
A004,4,3225
A004,4,3227
A004,4,3228
A004,4,3230
A004,4,3231
A004,4,3233
A004,4,3234
A002,4,3341
A002,4,3380
A001,4,3444
A001,4,3449
A001,4,3450
A001,4,3453
A001,4,3458
A001,4,3459
A001,4,3486
A001,4,3489
A001,4,3490
A001,4,3493
A001,4,3494
A001,4,3501
A001,4,3503
A001,4,3505
A001,4,3513
A001,4,3515
A001,4,3516
A001,4,3524
A001,4,3525
A001,4,3528
A001,4,3529
A001,4,3536
A001,4,3537
A001,4,3540
A018,5,1531
A015,5,1769
A013,5,1926
A013,5,1949
A013,5,1958
A013,5,1973
A013,5,2000
A013,5,2025
A008,5,2550
A007,5,2618
A007,5,2619
A007,5,2652
A007,5,2660
A007,5,2664
A007,5,2665
A007,5,2674
A007,5,2693
A007,5,2697
A007,5,2710
A007,5,2722
A006,5,2940
A006,5,2985
A006,5,2994
A006,5,3013
A006,5,3018
A006,5,3021
A006,5,3022
A005,5,3027
A005,5,3030
A005,5,3035
A005,5,3038
A005,5,3106
A004,5,3132
A004,5,3135
A004,5,3138
A004,5,3139
A004,5,3142
A004,5,3143
A004,5,3146
A004,5,3152
A004,5,3165
A004,5,3173
A004,5,3176
A004,5,3177
A004,5,3180
A004,5,3181
A004,5,3185
A004,5,3189
A004,5,3205
A004,5,3208
A004,5,3211
A004,5,3212
A004,5,3216
A004,5,3219
A004,5,3220
A001,5,3460
A022,6,1091
A020,6,1366
A018,6,1520
A014,6,1891
A014,6,1916
A013,6,1951
A013,6,1953
A013,6,1954
A013,6,1965
A013,6,1976
A013,6,1989
A013,6,1990
A013,6,1997
A013,6,2006
A013,6,2017
A013,6,2037
A016,6,2056
A016,6,2072
A016,6,2095
A007,6,2638
A007,6,2641
A007,6,2678
A007,6,2679
A007,6,2684
A007,6,2688
A007,6,2712
A006,6,2939
A006,6,2943
A006,6,2946
A006,6,2951
A006,6,2998
A006,6,3001
A006,6,3015
A005,6,3042
A005,6,3046
A005,6,3049
A005,6,3052
A005,6,3053
A005,6,3056
A005,6,3061
A005,6,3064
A005,6,3067
A005,6,3070
A005,6,3074
A005,6,3077
A005,6,3082
A005,6,3088
A005,6,3092
A005,6,3097
A005,6,3100
A005,6,3104
A005,6,3110
A005,6,3116
A005,6,3124
A005,6,3125
A005,6,3127
A005,6,3128
A005,6,3130
A004,6,3149
A004,6,3156
A004,6,3157
A004,6,3159
A004,6,3162
A004,6,3166
A004,6,3169
A004,6,3170
A004,6,3184
A004,6,3192
A004,6,3198
A004,6,3202
A004,6,3226
A004,6,3232
A001,6,3438
A001,6,3461
A001,6,3500
A001,6,3538
A011,7,2252
A011,7,2266
A011,7,2272
A010,7,2326
A009,7,2453
A009,7,2494
A009,7,2515
A008,7,2532
A008,7,2538
A008,7,2547
A008,7,2557
A008,7,2571
A008,7,2579
A008,7,2586
A008,7,2595
A007,7,2620
A007,7,2643
A007,7,2662
A007,7,2672
A007,7,2680
A007,7,2691
A007,7,2699
A007,7,2709
A007,7,2720
A033Parking,7,2843
A006,7,2952
A006,7,2953
A006,7,2993
A006,7,2995
A003,7,3238
A003,7,3242
A003,7,3244
A003,7,3245
A003,7,3246
A003,7,3247
A003,7,3250
A003,7,3252
A003,7,3253
A003,7,3257
A003,7,3258
A003,7,3260
A003,7,3261
A003,7,3263
A003,7,3264
A003,7,3266
A003,7,3267
A003,7,3270
A003,7,3272
A003,7,3274
A003,7,3276
A003,7,3277
A003,7,3279
A003,7,3280
A003,7,3282
A003,7,3284
A003,7,3285
A003,7,3287
A003,7,3288
A003,7,3290
A003,7,3291
A003,7,3296
A003,7,3298
A003,7,3299
A003,7,3301
A003,7,3303
A003,7,3305
A003,7,3306
A003,7,3308
A003,7,3309
A003,7,3312
A003,7,3313
A003,7,3315
A003,7,3316
A003,7,3318
A003,7,3319
A003,7,3321
A003,7,3322
A003,7,3324
A003,7,3325
A003,7,3327
A003,7,3328
A002,7,3331
A002,7,3334
A002,7,3335
A002,7,3337
A002,7,3340
A002,7,3343
A002,7,3344
A002,7,3346
A002,7,3347
A002,7,3349
A002,7,3351
A002,7,3353
A002,7,3354
A002,7,3357
A002,7,3358
A002,7,3360
A002,7,3361
A002,7,3363
A002,7,3364
A002,7,3367
A002,7,3368
A002,7,3371
A002,7,3372
A002,7,3376
A002,7,3377
A002,7,3382
A002,7,3384
A002,7,3386
A002,7,3387
A002,7,3389
A002,7,3390
A002,7,3393
A002,7,3394
A002,7,3397
A002,7,3398
A002,7,3401
A002,7,3402
A002,7,3405
A002,7,3406
A002,7,3409
A002,7,3410
A002,7,3413
A002,7,3415
A002,7,3417
A002,7,3420
A002,7,3421
A002,7,3423
A002,7,3424
A002,7,3427
A002,7,3428
A002,7,3431
A002,7,3432
A002,7,3435
A002,7,3436
A001,7,3437
A001,7,3440
A001,7,3445
A001,7,3446
A001,7,3468
A001,7,3470
A001,7,3485
A001,7,3497
A001,7,3498
A001,7,3508
A001,7,3510
A001,7,3512
A001,7,3520
A001,7,3521
A001,7,3532
A001,7,3533
A001,7,3542
A001,7,3544
A022,8,1161
A022,8,1171
A022,8,1178
A020,8,1322
A015,8,1728
A015,8,1760
A014,8,1847
A014,8,1892
A014,8,1896
A012,8,2167
A012,8,2220
A011,8,2270
A010,8,2321
A010,8,2323
A010,8,2324
A010,8,2332
A010,8,2343
A010,8,2347
A010,8,2359
A010,8,2365
A010,8,2375
A010,8,2392
A010,8,2398
A010,8,2400
A010,8,2404
A010,8,2411
A010,8,2412
A010,8,2416
A009,8,2436
A009,8,2437
A009,8,2440
A009,8,2444
A009,8,2446
A009,8,2448
A009,8,2451
A009,8,2465
A009,8,2467
A009,8,2471
A009,8,2475
A009,8,2478
A009,8,2482
A009,8,2486
A009,8,2489
A009,8,2492
A009,8,2493
A009,8,2496
A009,8,2498
A009,8,2502
A009,8,2503
A009,8,2510
A009,8,2514
A009,8,2519
A009,8,2520
A009,8,2524
A008,8,2528
A008,8,2529
A008,8,2531
A008,8,2533
A008,8,2539
A008,8,2542
A008,8,2543
A008,8,2546
A008,8,2551
A008,8,2553
A008,8,2555
A008,8,2556
A008,8,2560
A008,8,2563
A008,8,2564
A008,8,2566
A008,8,2567
A008,8,2570
A008,8,2572
A008,8,2575
A008,8,2578
A008,8,2580
A008,8,2581
A008,8,2582
A008,8,2584
A008,8,2587
A008,8,2589
A008,8,2590
A008,8,2593
A008,8,2594
A008,8,2596
A008,8,2602
A008,8,2604
A008,8,2608
A008,8,2610
A008,8,2611
A008,8,2613
A008,8,2614
A007,8,2617
A007,8,2623
A007,8,2627
A007,8,2631
A007,8,2632
A007,8,2635
A007,8,2637
A007,8,2644
A007,8,2647
A007,8,2648
A007,8,2651
A007,8,2655
A007,8,2656
A007,8,2657
A007,8,2661
A007,8,2663
A007,8,2667
A007,8,2668
A007,8,2673
A007,8,2675
A007,8,2677
A007,8,2681
A007,8,2689
A007,8,2690
A007,8,2694
A007,8,2696
A007,8,2698
A007,8,2700
A007,8,2704
A007,8,2705
A007,8,2711
A007,8,2721
A006,8,2967
A006,8,2973
A006,8,3004
A029,9,342
A028,9,424
A028,9,451
A028,9,455
A028,9,486
A028,9,497
A028,9,526
A026,9,636
A026,9,663
A026,9,688
A026,9,714
A026,9,722
A024,9,906
A024,9,923
A024,9,927
A024,9,935
A024,9,961
A024,9,973
A015,9,1741
A015,9,1752
A015,9,1756
A015,9,1759
A015,9,1806
A015,9,1823
A012,9,2153
A011,9,2239
A011,9,2249
A011,9,2256
A011,9,2264
A011,9,2269
A011,9,2275
A011,9,2292
A011,9,2294
A010,9,2337
A010,9,2341
A010,9,2420
A009,9,2432
A009,9,2435
A009,9,2439
A009,9,2443
A009,9,2449
A009,9,2461
A009,9,2463
A009,9,2470
A009,9,2473
A009,9,2484
A009,9,2488
A009,9,2491
A009,9,2501
A009,9,2505
A009,9,2508
A009,9,2512
A009,9,2518
A008,9,2549
A008,9,2565
A008,9,2603
A008,9,2612
A033Front,9,2799
A006,9,2972
A006,9,2974
A028,10,500
A028,10,532
A012,10,2140
A012,10,2150
A012,10,2154
A012,10,2162
A012,10,2168
A012,10,2178
A012,10,2179
A012,10,2183
A012,10,2185
A012,10,2188
A012,10,2189
A012,10,2191
A012,10,2192
A012,10,2203
A012,10,2204
A012,10,2221
A011,10,2228
A011,10,2230
A011,10,2231
A011,10,2234
A011,10,2235
A011,10,2241
A011,10,2242
A011,10,2244
A011,10,2245
A011,10,2248
A011,10,2250
A011,10,2254
A011,10,2255
A011,10,2257
A011,10,2258
A011,10,2259
A011,10,2262
A011,10,2263
A011,10,2265
A011,10,2268
A011,10,2271
A011,10,2273
A011,10,2274
A011,10,2277
A011,10,2279
A011,10,2281
A011,10,2282
A011,10,2283
A011,10,2284
A011,10,2285
A011,10,2286
A011,10,2289
A011,10,2291
A011,10,2293
A011,10,2295
A011,10,2296
A011,10,2299
A011,10,2300
A011,10,2302
A011,10,2303
A011,10,2307
A011,10,2308
A011,10,2310
A011,10,2311
A011,10,2312
A011,10,2313
A011,10,2315
A011,10,2316
A010,10,2367
A010,10,2376
A010,10,2409
A009,10,2429
A009,10,2450
A009,10,2456
A009,10,2468
A009,10,2469
A009,10,2472
A009,10,2477
A009,10,2481
A009,10,2513
A009,10,2521
A008,10,2530
A008,10,2606
A007,10,2708
A003,10,3236
A003,10,3237
A003,10,3254
A003,10,3255
A003,10,3302
A003,10,3310
A002,10,3329
A002,10,3330
A002,10,3396
A001,10,3439
A029,11,356
A029,11,385
A028,11,440
A028,11,470
A028,11,476
A028,11,479
A028,11,490
A028,11,501
A028,11,505
A027,11,617
A026,11,708
A026,11,742
A024,11,898
A015,11,1773
A012,11,2156
A012,11,2160
A012,11,2184
A012,11,2214
A011,11,2229
A011,11,2233
A011,11,2236
A011,11,2243
A011,11,2247
A011,11,2260
A011,11,2278
A010,11,2349
A010,11,2374
A010,11,2381
A003,11,3269
A003,11,3294
A003,11,3295
A002,11,3338
A028,12,419
A028,12,453
A028,12,454
A028,12,456
A028,12,463
A028,12,464
A028,12,475
A028,12,511
A027,12,556
A026,12,631
A026,12,677
A026,12,686
A026,12,719
A026,12,728
A026,12,729
A026,12,739
A024,12,952
A022,12,1182
A022,12,1192
A015,12,1730
A015,12,1732
A015,12,1738
A015,12,1751
A015,12,1754
A015,12,1762
A015,12,1765
A015,12,1782
A015,12,1790
A015,12,1793
A015,12,1798
A015,12,1821
A015,12,1822
A012,12,2141
A012,12,2143
A012,12,2144
A012,12,2145
A012,12,2148
A012,12,2152
A012,12,2155
A012,12,2157
A012,12,2164
A012,12,2170
A012,12,2174
A012,12,2176
A012,12,2177
A012,12,2180
A012,12,2181
A012,12,2182
A012,12,2186
A012,12,2187
A012,12,2194
A012,12,2198
A012,12,2199
A012,12,2202
A012,12,2205
A012,12,2206
A012,12,2211
A012,12,2212
A012,12,2217
A012,12,2222
A012,12,2223
A011,12,2227
A011,12,2232
A011,12,2238
A011,12,2251
A011,12,2280
A011,12,2287
A011,12,2288
A011,12,2298
A011,12,2305
A010,12,2318
A010,12,2319
A010,12,2325
A010,12,2327
A010,12,2328
A010,12,2329
A010,12,2331
A010,12,2333
A010,12,2335
A010,12,2336
A010,12,2338
A010,12,2339
A010,12,2342
A010,12,2344
A010,12,2346
A010,12,2350
A010,12,2353
A010,12,2355
A010,12,2357
A010,12,2360
A010,12,2361
A010,12,2363
A010,12,2368
A010,12,2369
A010,12,2370
A010,12,2372
A010,12,2380
A010,12,2382
A010,12,2383
A010,12,2387
A010,12,2388
A010,12,2390
A010,12,2394
A010,12,2401
A010,12,2403
A010,12,2405
A010,12,2407
A010,12,2410
A010,12,2413
A010,12,2415
A010,12,2418
A010,12,2421
A010,12,2422
A010,12,2423
A009,12,2426
A009,12,2427
A009,12,2431
A009,12,2445
A009,12,2455
A009,12,2506
A009,12,2516
A022,13,1090
A022,13,1114
A022,13,1128
A022,13,1156
A022,13,1164
A022,13,1175
A022,13,1184
A022,13,1186
A022,13,1191
A021,13,1236
A021,13,1242
A021,13,1286
A020,13,1292
A020,13,1302
A020,13,1303
A020,13,1313
A020,13,1314
A020,13,1323
A020,13,1330
A020,13,1332
A020,13,1341
A020,13,1342
A020,13,1352
A020,13,1353
A020,13,1374
A020,13,1375
A020,13,1388
A020,13,1398
A019,13,1446
A019,13,1455
A018,13,1519
A018,13,1532
A018,13,1539
A018,13,1572
A018,13,1574
A018,13,1579
A018,13,1590
A018,13,1596
A018,13,1599
A018,13,1600
A018,13,1607
A015,13,1740
A015,13,1776
A015,13,1778
A015,13,1796
A015,13,1816
A015,13,1817
A015,13,1828
A015,13,1829
A014,13,1832
A014,13,1834
A014,13,1837
A014,13,1840
A014,13,1841
A014,13,1843
A014,13,1853
A014,13,1854
A014,13,1855
A014,13,1857
A014,13,1858
A014,13,1861
A014,13,1864
A014,13,1869
A014,13,1870
A014,13,1873
A014,13,1874
A014,13,1879
A014,13,1881
A014,13,1882
A014,13,1884
A014,13,1887
A014,13,1888
A014,13,1890
A014,13,1894
A014,13,1897
A014,13,1899
A014,13,1900
A014,13,1901
A014,13,1906
A014,13,1908
A014,13,1914
A014,13,1915
A014,13,1918
A013,13,1930
A013,13,1941
A013,13,1942
A013,13,1959
A013,13,1961
A013,13,1966
A013,13,1969
A013,13,1970
A013,13,1977
A013,13,1986
A013,13,1995
A013,13,2001
A013,13,2003
A013,13,2005
A013,13,2011
A013,13,2012
A013,13,2013
A013,13,2030
A013,13,2034
A016,13,2054
A016,13,2085
A007,13,2621
A007,13,2628
A007,13,2629
A007,13,2645
A007,13,2653
A007,13,2671
A007,13,2682
A007,13,2692
A007,13,2701
A007,13,2702
A007,13,2714
A007,13,2715
A006,13,2941
A006,13,2957
A006,13,2964
A006,13,2979
A006,13,2988
A006,13,3010
A005,13,3109
A004,13,3223
A025,14,766
A022,14,1103
A022,14,1133
A021,14,1275
A020,14,1296
A020,14,1308
A020,14,1328
A020,14,1334
A020,14,1335
A020,14,1339
A020,14,1355
A020,14,1359
A020,14,1360
A020,14,1377
A020,14,1393
A019,14,1410
A019,14,1448
A019,14,1464
A019,14,1467
A018,14,1514
A018,14,1525
A018,14,1533
A018,14,1536
A018,14,1562
A018,14,1577
A018,14,1583
A018,14,1591
A018,14,1597
A018,14,1601
A018,14,1608
A017,14,1617
A017,14,1627
A017,14,1661
A017,14,1676
A014,14,1830
A014,14,1835
A014,14,1845
A014,14,1848
A014,14,1862
A014,14,1865
A014,14,1868
A014,14,1875
A014,14,1880
A014,14,1883
A014,14,1886
A014,14,1893
A014,14,1902
A014,14,1917
A013,14,1920
A013,14,1921
A013,14,1924
A013,14,1927
A013,14,1929
A013,14,1932
A013,14,1933
A013,14,1936
A013,14,1940
A013,14,1943
A013,14,1944
A013,14,1948
A013,14,1952
A013,14,1960
A013,14,1971
A013,14,1975
A013,14,1979
A013,14,1983
A013,14,1987
A013,14,1991
A013,14,1992
A013,14,1996
A013,14,2002
A013,14,2004
A013,14,2010
A013,14,2022
A013,14,2031
A013,14,2035
A016,14,2049
A016,14,2057
A016,14,2061
A016,14,2067
A016,14,2074
A016,14,2078
A016,14,2082
A016,14,2086
A016,14,2090
A016,14,2098
A016,14,2104
A016,14,2113
A016,14,2117
A016,14,2123
A016,14,2129
A016,14,2132
A016,14,2134
A016,14,2139
A010,14,2417
A008,14,2535
A008,14,2541
A008,14,2544
A008,14,2588
A008,14,2592
A008,14,2598
A007,14,2622
A007,14,2625
A007,14,2626
A007,14,2630
A007,14,2650
A007,14,2666
A007,14,2669
A007,14,2676
A007,14,2695
A007,14,2703
A007,14,2706
A007,14,2713
A007,14,2717
A033Front,14,2742
A033Parking,14,2851
A033Parking,14,2855
A033Parking,14,2937
A006,14,2945
A006,14,2948
A006,14,2950
A006,14,2961
A006,14,2963
A006,14,2966
A006,14,2968
A006,14,2975
A006,14,2983
A006,14,2984
A006,14,2989
A006,14,2990
A006,14,2992
A006,14,2996
A006,14,3000
A006,14,3002
A006,14,3005
A006,14,3006
A006,14,3014
A006,14,3016
A006,14,3020
A006,14,3023
A006,14,3024
A005,14,3029
A005,14,3033
A005,14,3034
A005,14,3036
A005,14,3037
A005,14,3043
A005,14,3044
A005,14,3054
A005,14,3055
A005,14,3066
A005,14,3071
A005,14,3072
A005,14,3075
A005,14,3076
A005,14,3086
A005,14,3087
A005,14,3098
A005,14,3099
A005,14,3111
A005,14,3120
A005,14,3129
A004,14,3141
A004,14,3147
A004,14,3148
A004,14,3151
A004,14,3154
A004,14,3155
A004,14,3158
A004,14,3164
A004,14,3172
A004,14,3174
A004,14,3175
A004,14,3178
A004,14,3182
A004,14,3183
A004,14,3187
A004,14,3188
A004,14,3194
A004,14,3196
A004,14,3197
A004,14,3203
A004,14,3204
A004,14,3209
A004,14,3213
A004,14,3214
A004,14,3222
A026,15,646
A026,15,675
A026,15,681
A026,15,730
A025,15,759
A025,15,774
A024,15,881
A024,15,887
A024,15,889
A024,15,891
A022,15,1099
A022,15,1116
A022,15,1124
A022,15,1125
A022,15,1154
A022,15,1158
A022,15,1162
A022,15,1166
A022,15,1170
A022,15,1173
A022,15,1180
A022,15,1194
A018,15,1521
A015,15,1770
A015,15,1777
A015,15,1780
A015,15,1788
A015,15,1792
A015,15,1795
A015,15,1812
A014,15,1833
A014,15,1842
A014,15,1850
A014,15,1852
A014,15,1856
A014,15,1871
A014,15,1878
A014,15,1889
A014,15,1905
A014,15,1907
A014,15,1913
A013,15,2015
A010,15,2322
A010,15,2330
A010,15,2334
A010,15,2352
A010,15,2378
A010,15,2385
A010,15,2389
A010,15,2393
A010,15,2397
A010,15,2399
A010,15,2402
A010,15,2424
A009,15,2480
A009,15,2497
A008,15,2552
A008,15,2561
A008,15,2576
A008,15,2601
A008,15,2615
A007,15,2633
A007,15,2646
A006,15,2944
A022,16,1118
A022,16,1169
A021,16,1209
A020,16,1395
A019,16,1408
A019,16,1472
A019,16,1482
A019,16,1503
A018,16,1506
A018,16,1509
A018,16,1512
A018,16,1530
A018,16,1541
A018,16,1547
A018,16,1551
A018,16,1552
A018,16,1555
A018,16,1564
A018,16,1568
A018,16,1571
A018,16,1581
A018,16,1588
A018,16,1589
A018,16,1592
A018,16,1595
A018,16,1598
A018,16,1606
A018,16,1614
A017,16,1626
A017,16,1632
A017,16,1633
A017,16,1645
A017,16,1654
A017,16,1657
A017,16,1665
A017,16,1666
A017,16,1675
A017,16,1682
A017,16,1690
A017,16,1697
A017,16,1710
A017,16,1721
A015,16,1722
A014,16,1831
A014,16,1863
A014,16,1872
A013,16,1922
A013,16,1923
A013,16,1925
A013,16,1928
A013,16,1931
A013,16,1934
A013,16,1935
A013,16,1937
A013,16,1938
A013,16,1939
A013,16,1945
A013,16,1947
A013,16,1950
A013,16,1955
A013,16,1957
A013,16,1962
A013,16,1963
A013,16,1972
A013,16,1974
A013,16,1978
A013,16,1981
A013,16,1982
A013,16,1984
A013,16,1985
A013,16,1988
A013,16,1993
A013,16,1994
A013,16,1998
A013,16,2008
A013,16,2009
A013,16,2014
A013,16,2016
A013,16,2018
A013,16,2020
A013,16,2021
A013,16,2023
A013,16,2024
A013,16,2028
A013,16,2029
A013,16,2032
A013,16,2033
A013,16,2036
A013,16,2038
A016,16,2039
A016,16,2040
A016,16,2047
A016,16,2048
A016,16,2055
A016,16,2058
A016,16,2062
A016,16,2063
A016,16,2065
A016,16,2069
A016,16,2071
A016,16,2073
A016,16,2079
A016,16,2080
A016,16,2081
A016,16,2083
A016,16,2084
A016,16,2087
A016,16,2088
A016,16,2096
A016,16,2097
A016,16,2102
A016,16,2103
A016,16,2107
A016,16,2109
A016,16,2111
A016,16,2112
A016,16,2114
A016,16,2115
A016,16,2118
A016,16,2120
A016,16,2121
A016,16,2124
A016,16,2127
A016,16,2128
A016,16,2131
A016,16,2133
A016,16,2135
A016,16,2137
A016,16,2138
A010,16,2414
A006,16,2970
A005,16,3031
A005,16,3032
A005,16,3041
A005,16,3073
A005,16,3081
A005,16,3085
A005,16,3093
A005,16,3096
A005,16,3115
A005,16,3118
A005,16,3119
A004,16,3153
A004,16,3190
A004,16,3193
A004,16,3195
A004,16,3201
A004,16,3229
A031,17,111
A031,17,118
A031,17,130
A031,17,131
A031,17,132
A031,17,138
A031,17,147
A031,17,155
A031,17,163
A031,17,176
A031,17,184
A031,17,192
A031,17,205
A030,17,226
A030,17,227
A030,17,228
A030,17,230
A030,17,235
A030,17,236
A030,17,238
A030,17,240
A030,17,242
A030,17,244
A030,17,245
A030,17,256
A030,17,259
A030,17,260
A030,17,261
A030,17,262
A030,17,268
A030,17,270
A030,17,273
A030,17,275
A030,17,277
A030,17,278
A030,17,279
A030,17,283
A030,17,284
A030,17,296
A030,17,297
A030,17,300
A030,17,302
A025,17,819
A021,17,1216
A021,17,1237
A021,17,1239
A020,17,1295
A019,17,1409
A019,17,1447
A019,17,1451
A019,17,1458
A019,17,1479
A019,17,1481
A018,17,1549
A018,17,1557
A018,17,1559
A018,17,1565
A018,17,1567
A017,17,1616
A017,17,1618
A017,17,1621
A017,17,1623
A017,17,1625
A017,17,1629
A017,17,1635
A017,17,1636
A017,17,1637
A017,17,1640
A017,17,1641
A017,17,1646
A017,17,1647
A017,17,1648
A017,17,1650
A017,17,1651
A017,17,1655
A017,17,1659
A017,17,1660
A017,17,1663
A017,17,1670
A017,17,1671
A017,17,1673
A017,17,1677
A017,17,1678
A017,17,1679
A017,17,1681
A017,17,1684
A017,17,1685
A017,17,1686
A017,17,1688
A017,17,1692
A017,17,1693
A017,17,1694
A017,17,1696
A017,17,1699
A017,17,1700
A017,17,1703
A017,17,1705
A017,17,1706
A017,17,1707
A017,17,1709
A017,17,1711
A017,17,1713
A017,17,1714
A017,17,1715
A017,17,1717
A017,17,1718
A017,17,1720
A016,17,2043
A016,17,2046
A016,17,2050
A016,17,2052
A016,17,2060
A016,17,2068
A016,17,2077
A016,17,2089
A016,17,2091
A016,17,2092
A016,17,2093
A016,17,2099
A016,17,2105
A016,17,2108
A016,17,2116
A016,17,2130
A033Front,17,2785
A033Front,17,2801
A033Front,17,2802
A033Front,17,2834
A031,18,159
A030,18,287
A025,18,772
A023,18,975
A023,18,977
A023,18,985
A023,18,986
A023,18,1000
A023,18,1001
A023,18,1011
A023,18,1019
A023,18,1021
A023,18,1023
A023,18,1027
A023,18,1031
A023,18,1035
A023,18,1059
A022,18,1082
A022,18,1102
A022,18,1150
A022,18,1172
A022,18,1185
A021,18,1218
A021,18,1232
A020,18,1321
A020,18,1397
A019,18,1485
A018,18,1611
A017,18,1615
A015,18,1786
A031,19,140
A030,19,221
A030,19,234
A030,19,248
A030,19,252
A030,19,265
A030,19,272
A030,19,288
A030,19,293
A023,19,1013
A023,19,1073
A023,19,1075
A023,19,1079
A023,19,1080
A022,19,1100
A022,19,1101
A022,19,1105
A022,19,1108
A022,19,1112
A022,19,1122
A022,19,1126
A022,19,1130
A022,19,1142
A022,19,1143
A022,19,1146
A022,19,1167
A021,19,1195
A021,19,1197
A021,19,1203
A021,19,1208
A021,19,1211
A021,19,1213
A021,19,1214
A021,19,1215
A021,19,1217
A021,19,1219
A021,19,1222
A021,19,1224
A021,19,1226
A021,19,1227
A021,19,1228
A021,19,1234
A021,19,1235
A021,19,1240
A021,19,1241
A021,19,1245
A021,19,1246
A021,19,1249
A021,19,1250
A021,19,1256
A021,19,1257
A021,19,1258
A021,19,1264
A021,19,1265
A021,19,1270
A021,19,1273
A021,19,1277
A020,19,1290
A020,19,1297
A020,19,1298
A020,19,1299
A020,19,1305
A020,19,1306
A020,19,1307
A020,19,1309
A020,19,1317
A020,19,1319
A020,19,1325
A020,19,1327
A020,19,1333
A020,19,1336
A020,19,1338
A020,19,1344
A020,19,1345
A020,19,1346
A020,19,1349
A020,19,1350
A020,19,1354
A020,19,1356
A020,19,1357
A020,19,1358
A020,19,1361
A020,19,1363
A020,19,1365
A020,19,1368
A020,19,1369
A020,19,1372
A020,19,1376
A020,19,1384
A020,19,1385
A020,19,1386
A020,19,1391
A020,19,1392
A020,19,1394
A020,19,1396
A019,19,1400
A019,19,1401
A019,19,1405
A019,19,1407
A019,19,1412
A019,19,1414
A019,19,1415
A019,19,1416
A019,19,1418
A019,19,1419
A019,19,1420
A019,19,1423
A019,19,1424
A019,19,1429
A019,19,1430
A019,19,1434
A019,19,1435
A019,19,1436
A019,19,1438
A019,19,1439
A019,19,1440
A019,19,1442
A019,19,1443
A019,19,1445
A019,19,1450
A019,19,1453
A019,19,1454
A019,19,1459
A019,19,1460
A019,19,1462
A019,19,1463
A019,19,1465
A019,19,1466
A019,19,1469
A019,19,1471
A019,19,1473
A019,19,1476
A019,19,1478
A019,19,1483
A019,19,1486
A019,19,1490
A019,19,1491
A019,19,1492
A019,19,1495
A019,19,1497
A019,19,1498
A019,19,1500
A019,19,1501
A019,19,1502
A019,19,1504
A018,19,1507
A018,19,1510
A018,19,1513
A018,19,1515
A018,19,1516
A018,19,1517
A018,19,1522
A018,19,1523
A018,19,1524
A018,19,1526
A018,19,1527
A018,19,1528
A018,19,1534
A018,19,1535
A018,19,1538
A018,19,1542
A018,19,1544
A018,19,1545
A018,19,1548
A018,19,1553
A018,19,1560
A018,19,1561
A018,19,1563
A018,19,1569
A018,19,1575
A018,19,1576
A018,19,1578
A018,19,1582
A018,19,1584
A018,19,1585
A018,19,1586
A018,19,1593
A018,19,1594
A018,19,1602
A018,19,1603
A018,19,1604
A018,19,1609
A018,19,1610
A018,19,1613
A017,19,1619
A017,19,1622
A017,19,1628
A017,19,1631
A017,19,1639
A017,19,1644
A017,19,1652
A017,19,1674
A017,19,1702
A013,19,1946
A016,19,2041
A016,19,2044
A016,19,2051
A016,19,2059
A016,19,2066
A016,19,2075
A016,19,2076
A016,19,2100
A016,19,2122
A016,19,2125
A022,20,1144
A022,20,1183
A022,20,1187
A022,20,1190
A021,20,1281
A020,20,1316
A020,20,1364
A019,20,1421
A019,20,1425
A019,20,1428
A019,20,1452
A019,20,1457
A019,20,1474
A019,20,1480
A019,20,1505
A018,20,1546
A018,20,1550
A017,20,1624
A015,20,1799
A014,20,1839
A014,20,1859
A014,20,1895
A013,20,1956
A013,20,1964
A013,20,1967
A013,20,1968
A013,20,1980
A013,20,1999
A013,20,2007
A013,20,2019
A013,20,2026
A013,20,2027
A016,20,2042
A016,20,2053
A016,20,2064
A016,20,2101
A016,20,2106
A007,20,2639
A007,20,2683
A007,20,2687
A033Front,20,2749
A033Front,20,2800
A033Front,20,2814
A033Front,20,2815
A033Front,20,2835
A033Parking,20,2853
A033Parking,20,2857
A033Parking,20,2861
A006,20,2980
A006,20,2981
A006,20,2999
A004,20,3150
A003,20,3235
A032,21,3
A032,21,18
A032,21,51
A032,21,78
A032,21,90
A032,21,98
A032,21,99
A031,21,114
A031,21,115
A031,21,120
A031,21,121
A031,21,122
A031,21,127
A031,21,128
A031,21,134
A031,21,146
A031,21,149
A031,21,153
A031,21,156
A031,21,157
A031,21,160
A031,21,162
A031,21,164
A031,21,166
A031,21,173
A031,21,175
A031,21,182
A031,21,190
A031,21,193
A031,21,194
A031,21,200
A031,21,201
A031,21,203
A031,21,204
A031,21,212
A031,21,213
A031,21,215
A030,21,218
A030,21,219
A030,21,220
A030,21,222
A030,21,223
A030,21,225
A030,21,229
A030,21,231
A030,21,232
A030,21,233
A030,21,237
A030,21,241
A030,21,243
A030,21,249
A030,21,250
A030,21,251
A030,21,253
A030,21,254
A030,21,255
A030,21,257
A030,21,258
A030,21,263
A030,21,264
A030,21,266
A030,21,267
A030,21,271
A030,21,274
A030,21,280
A030,21,281
A030,21,286
A030,21,289
A030,21,290
A030,21,291
A030,21,292
A030,21,294
A030,21,298
A030,21,299
A023,21,982
A023,21,996
A023,21,1007
A023,21,1009
A023,21,1010
A023,21,1016
A023,21,1047
A023,21,1048
A023,21,1060
A023,21,1067
A023,21,1068
A023,21,1077
A022,21,1107
A022,21,1145
A021,21,1196
A021,21,1199
A021,21,1200
A021,21,1206
A021,21,1207
A021,21,1210
A021,21,1212
A021,21,1220
A021,21,1221
A021,21,1223
A021,21,1225
A021,21,1229
A021,21,1230
A021,21,1231
A021,21,1238
A021,21,1243
A021,21,1247
A021,21,1248
A021,21,1252
A021,21,1254
A021,21,1255
A021,21,1259
A021,21,1261
A021,21,1262
A021,21,1263
A021,21,1266
A021,21,1267
A021,21,1269
A021,21,1274
A021,21,1276
A021,21,1282
A021,21,1283
A021,21,1287
A021,21,1289
A020,21,1318
A020,21,1326
A020,21,1337
A020,21,1362
A020,21,1371
A020,21,1378
A020,21,1379
A019,21,1403
A019,21,1404
A019,21,1411
A019,21,1422
A019,21,1426
A019,21,1427
A019,21,1432
A019,21,1449
A019,21,1456
A019,21,1468
A019,21,1475
A019,21,1487
A019,21,1488
A019,21,1494
A018,21,1537
A017,21,1643
A017,21,1662
A017,21,1669
A017,21,1689
A010,21,2371
A029,22,313
A029,22,321
A029,22,348
A029,22,378
A029,22,404
A029,22,407
A029,22,410
A028,22,428
A028,22,436
A028,22,447
A028,22,458
A028,22,462
A028,22,466
A028,22,493
A028,22,508
A028,22,512
A028,22,515
A028,22,518
A028,22,522
A028,22,529
A027,22,540
A027,22,551
A027,22,566
A027,22,591
A027,22,593
A027,22,607
A027,22,624
A026,22,643
A026,22,654
A026,22,692
A026,22,696
A026,22,734
A025,22,749
A025,22,781
A025,22,848
A024,22,884
A024,22,915
A024,22,917
A024,22,947
A024,22,951
A024,22,955
A022,22,1088
A022,22,1092
A022,22,1096
A022,22,1120
A021,22,1198
A021,22,1201
A021,22,1253
A021,22,1268
A021,22,1288
A020,22,1293
A020,22,1300
A020,22,1301
A020,22,1304
A020,22,1311
A020,22,1347
A020,22,1348
A020,22,1370
A015,22,1729
A015,22,1733
A015,22,1737
A015,22,1744
A015,22,1748
A015,22,1763
A015,22,1767
A015,22,1784
A015,22,1803
A015,22,1809
A015,22,1815
A015,22,1819
A015,22,1827
A014,22,1898
A012,22,2149
A012,22,2158
A012,22,2166
A012,22,2219
A010,22,2345
A010,22,2354
A010,22,2358
A010,22,2362
A010,22,2364
A009,22,2428
A009,22,2447
A009,22,2457
A009,22,2466
A009,22,2476
A009,22,2522
A009,22,2525
A008,22,2559
A008,22,2568
A008,22,2574
A008,22,2583
A008,22,2605
A008,22,2609
A007,22,2658
A033Front,22,2745
A033Front,22,2796
A033Front,22,2812
A032,23,96
A031,23,119
A031,23,198
A028,23,444
A028,23,482
A027,23,546
A027,23,548
A027,23,555
A027,23,559
A027,23,572
A027,23,576
A027,23,578
A027,23,581
A027,23,584
A027,23,587
A027,23,595
A027,23,599
A027,23,612
A026,23,632
A026,23,640
A026,23,650
A026,23,659
A026,23,667
A026,23,671
A026,23,678
A026,23,685
A026,23,700
A026,23,705
A026,23,711
A026,23,718
A026,23,726
A025,23,791
A025,23,797
A025,23,823
A025,23,830
A025,23,833
A025,23,836
A025,23,840
A025,23,855
A024,23,862
A024,23,895
A024,23,902
A024,23,910
A024,23,913
A024,23,920
A024,23,931
A024,23,939
A024,23,944
A024,23,965
A024,23,969
A023,23,980
A023,23,984
A023,23,990
A023,23,994
A023,23,998
A023,23,1002
A023,23,1008
A023,23,1012
A023,23,1015
A023,23,1022
A023,23,1025
A023,23,1029
A023,23,1034
A023,23,1037
A023,23,1041
A023,23,1042
A023,23,1049
A023,23,1050
A023,23,1051
A023,23,1052
A023,23,1054
A023,23,1065
A023,23,1066
A023,23,1070
A022,23,1109
A022,23,1113
A022,23,1129
A022,23,1137
A022,23,1141
A022,23,1147
A022,23,1151
A022,23,1177
A021,23,1278
A020,23,1312
A020,23,1324
A020,23,1331
A020,23,1343
A020,23,1367
A020,23,1373
A018,23,1511
A018,23,1570
A033Front,23,2746
A033Front,23,2792
A033Front,23,2794
A033Front,23,2811
A033Front,23,2825
A033Parking,23,2878
A033Parking,23,2909
A033Parking,23,2912
A033Parking,23,2915
A029,24,328
A028,24,418
A027,24,571
A026,24,630
A026,24,633
A026,24,641
A026,24,642
A026,24,644
A026,24,648
A026,24,649
A026,24,652
A026,24,655
A026,24,656
A026,24,657
A026,24,658
A026,24,660
A026,24,661
A026,24,662
A026,24,668
A026,24,670
A026,24,679
A026,24,680
A026,24,683
A026,24,684
A026,24,687
A026,24,691
A026,24,693
A026,24,697
A026,24,701
A026,24,712
A026,24,717
A026,24,720
A026,24,721
A026,24,731
A026,24,737
A026,24,740
A025,24,779
A025,24,793
A025,24,815
A025,24,852
A024,24,867
A024,24,868
A024,24,871
A024,24,876
A024,24,877
A024,24,879
A024,24,885
A024,24,886
A024,24,892
A024,24,896
A024,24,904
A024,24,914
A024,24,921
A024,24,924
A024,24,929
A024,24,930
A024,24,932
A024,24,942
A024,24,943
A024,24,945
A024,24,949
A024,24,950
A024,24,953
A024,24,954
A024,24,959
A024,24,960
A024,24,966
A024,24,968
A024,24,970
A024,24,972
A023,24,1056
A022,24,1086
A022,24,1095
A022,24,1098
A022,24,1115
A022,24,1117
A022,24,1119
A022,24,1121
A022,24,1139
A022,24,1140
A022,24,1148
A022,24,1152
A022,24,1153
A022,24,1155
A022,24,1160
A022,24,1163
A022,24,1165
A022,24,1168
A022,24,1176
A022,24,1179
A022,24,1181
A022,24,1188
A022,24,1193
A020,24,1315
A020,24,1340
A020,24,1381
A020,24,1382
A020,24,1383
A020,24,1387
A015,24,1723
A015,24,1724
A015,24,1725
A015,24,1727
A015,24,1731
A015,24,1734
A015,24,1735
A015,24,1736
A015,24,1739
A015,24,1742
A015,24,1743
A015,24,1745
A015,24,1746
A015,24,1749
A015,24,1750
A015,24,1753
A015,24,1757
A015,24,1758
A015,24,1766
A015,24,1768
A015,24,1772
A015,24,1774
A015,24,1775
A015,24,1779
A015,24,1783
A015,24,1785
A015,24,1787
A015,24,1791
A015,24,1794
A015,24,1797
A015,24,1800
A015,24,1801
A015,24,1802
A015,24,1804
A015,24,1805
A015,24,1807
A015,24,1808
A015,24,1810
A015,24,1813
A015,24,1814
A015,24,1818
A015,24,1824
A015,24,1825
A015,24,1826
A014,24,1836
A014,24,1838
A014,24,1844
A014,24,1846
A014,24,1849
A014,24,1851
A014,24,1860
A014,24,1866
A014,24,1867
A014,24,1876
A014,24,1877
A014,24,1885
A014,24,1903
A014,24,1904
A014,24,1909
A014,24,1910
A014,24,1911
A014,24,1912
A014,24,1919
A012,24,2161
A012,24,2173
A012,24,2224
A010,24,2317
A010,24,2351
A010,24,2373
A010,24,2384
A010,24,2396
A010,24,2419
A009,24,2425
A009,24,2474
A009,24,2485
A009,24,2517
A008,24,2534
A008,24,2540
A008,24,2558
A008,24,2573
A008,24,2597
A029,25,370
A028,25,438
A028,25,481
A028,25,525
A027,25,533
A027,25,562
A026,25,651
A026,25,653
A025,25,757
A025,25,780
A025,25,786
A025,25,789
A025,25,800
A025,25,808
A025,25,828
A025,25,834
A025,25,843
A025,25,856
A025,25,860
A024,25,872
A024,25,875
A024,25,883
A024,25,890
A024,25,893
A024,25,897
A024,25,901
A024,25,938
A024,25,946
A023,25,997
A023,25,999
A023,25,1043
A022,25,1097
A022,25,1104
A022,25,1111
A022,25,1138
A022,25,1149
A022,25,1157
A022,25,1159
A021,25,1202
A021,25,1204
A021,25,1233
A020,25,1310
A015,25,1747
A011,25,2314
A009,25,2495
A032,26,88
A032,26,97
A029,26,319
A029,26,340
A029,26,351
A029,26,408
A028,26,421
A028,26,426
A028,26,437
A028,26,439
A028,26,489
A028,26,503
A028,26,519
A027,26,534
A027,26,535
A027,26,537
A027,26,541
A027,26,542
A027,26,545
A027,26,547
A027,26,554
A027,26,557
A027,26,560
A027,26,561
A027,26,567
A027,26,570
A027,26,583
A027,26,585
A027,26,588
A027,26,589
A027,26,590
A027,26,594
A027,26,605
A027,26,615
A027,26,620
A027,26,621
A026,26,634
A026,26,635
A026,26,639
A026,26,647
A026,26,664
A026,26,665
A026,26,666
A026,26,669
A026,26,672
A026,26,673
A026,26,674
A026,26,676
A026,26,682
A026,26,690
A026,26,694
A026,26,695
A026,26,698
A026,26,702
A026,26,703
A026,26,704
A026,26,706
A026,26,707
A026,26,709
A026,26,710
A026,26,715
A026,26,716
A026,26,724
A026,26,725
A026,26,727
A026,26,732
A026,26,733
A026,26,735
A026,26,736
A026,26,741
A025,26,752
A025,26,764
A025,26,784
A025,26,787
A025,26,795
A025,26,807
A025,26,850
A024,26,863
A024,26,900
A024,26,916
A024,26,928
A024,26,941
A024,26,962
A024,26,963
A023,26,978
A023,26,988
A023,26,992
A023,26,993
A023,26,1004
A023,26,1006
A023,26,1020
A023,26,1032
A023,26,1036
A023,26,1039
A023,26,1063
A023,26,1064
A023,26,1072
A022,26,1081
A022,26,1083
A022,26,1085
A022,26,1094
A022,26,1110
A022,26,1127
A022,26,1131
A022,26,1132
A022,26,1134
A022,26,1135
A022,26,1136
A022,26,1174
A022,26,1189
A021,26,1244
A021,26,1251
A021,26,1271
A021,26,1279
A020,26,1329
A010,26,2395
A032,27,7
A032,27,9
A032,27,14
A032,27,23
A032,27,36
A032,27,48
A032,27,58
A032,27,59
A032,27,68
A032,27,69
A032,27,71
A032,27,84
A032,27,101
A032,27,103
A031,27,207
A029,27,308
A029,27,311
A029,27,314
A029,27,322
A029,27,324
A029,27,331
A029,27,333
A029,27,343
A029,27,384
A029,27,386
A029,27,387
A029,27,393
A029,27,395
A029,27,402
A029,27,405
A028,27,459
A028,27,480
A028,27,506
A028,27,514
A027,27,550
A027,27,553
A027,27,579
A026,27,627
A025,27,755
A025,27,758
A025,27,761
A025,27,765
A025,27,773
A025,27,804
A025,27,824
A025,27,832
A025,27,835
A025,27,837
A025,27,838
A025,27,839
A024,27,882
A024,27,907
A024,27,918
A023,27,991
A021,27,1280
A033Front,27,2729
A033Front,27,2730
A033Front,27,2732
A033Front,27,2733
A033Front,27,2763
A033Front,27,2774
A033Front,27,2775
A033Front,27,2777
A033Front,27,2782
A033Front,27,2787
A033Front,27,2789
A033Front,27,2804
A033Front,27,2819
A033Front,27,2822
A033Front,27,2827
A033Front,27,2831
A029,28,306
A029,28,307
A029,28,318
A029,28,323
A029,28,337
A029,28,338
A029,28,346
A029,28,354
A029,28,363
A029,28,365
A029,28,382
A029,28,415
A028,28,416
A028,28,422
A028,28,423
A028,28,427
A028,28,430
A028,28,431
A028,28,433
A028,28,434
A028,28,435
A028,28,442
A028,28,443
A028,28,445
A028,28,446
A028,28,448
A028,28,449
A028,28,450
A028,28,452
A028,28,465
A028,28,467
A028,28,472
A028,28,474
A028,28,483
A028,28,484
A028,28,485
A028,28,488
A028,28,491
A028,28,492
A028,28,494
A028,28,496
A028,28,498
A028,28,499
A028,28,502
A028,28,510
A028,28,516
A028,28,517
A028,28,521
A028,28,523
A028,28,524
A028,28,528
A028,28,530
A028,28,531
A026,28,628
A026,28,638
A026,28,689
A026,28,699
A026,28,713
A025,28,746
A025,28,771
A025,28,822
A025,28,829
A024,28,870
A024,28,894
A024,28,903
A024,28,905
A024,28,912
A024,28,919
A024,28,922
A024,28,933
A024,28,940
A024,28,956
A024,28,971
A022,28,1087
A022,28,1089
A022,28,1093
A022,28,1123
A020,28,1294
A015,28,1726
A015,28,1755
A015,28,1761
A015,28,1764
A015,28,1771
A015,28,1781
A015,28,1789
A015,28,1811
A015,28,1820
A012,28,2142
A012,28,2146
A012,28,2147
A012,28,2151
A012,28,2159
A012,28,2163
A012,28,2165
A012,28,2169
A012,28,2171
A012,28,2172
A012,28,2175
A012,28,2190
A012,28,2193
A012,28,2195
A012,28,2196
A012,28,2197
A012,28,2200
A012,28,2201
A012,28,2207
A012,28,2208
A012,28,2209
A012,28,2210
A012,28,2213
A012,28,2215
A012,28,2216
A012,28,2218
A011,28,2225
A011,28,2240
A011,28,2246
A011,28,2253
A011,28,2261
A011,28,2267
A011,28,2290
A011,28,2297
A011,28,2301
A011,28,2304
A011,28,2306
A011,28,2309
A010,28,2320
A010,28,2386
A010,28,2408
A009,28,2433
A009,28,2434
A009,28,2442
A009,28,2452
A009,28,2454
A009,28,2464
A009,28,2483
A009,28,2487
A009,28,2504
A009,28,2507
A009,28,2526
A009,28,2527
A008,28,2548
A032,29,10
A032,29,30
A032,29,35
A032,29,43
A032,29,63
A032,29,65
A032,29,108
A029,29,304
A029,29,312
A029,29,316
A029,29,320
A029,29,325
A029,29,327
A029,29,329
A029,29,334
A029,29,336
A029,29,341
A029,29,344
A029,29,350
A029,29,353
A029,29,355
A029,29,357
A029,29,359
A029,29,361
A029,29,362
A029,29,366
A029,29,367
A029,29,369
A029,29,373
A029,29,374
A029,29,376
A029,29,377
A029,29,380
A029,29,383
A029,29,389
A029,29,390
A029,29,391
A029,29,397
A029,29,398
A029,29,399
A029,29,401
A029,29,403
A029,29,406
A029,29,409
A029,29,411
A029,29,412
A029,29,414
A028,29,425
A028,29,429
A028,29,441
A028,29,457
A028,29,460
A028,29,461
A028,29,468
A028,29,469
A028,29,471
A028,29,477
A028,29,478
A028,29,487
A028,29,495
A028,29,504
A028,29,507
A028,29,509
A028,29,513
A028,29,520
A028,29,527
A027,29,538
A027,29,539
A027,29,544
A027,29,564
A027,29,565
A027,29,568
A027,29,574
A027,29,575
A027,29,577
A027,29,580
A027,29,582
A027,29,586
A027,29,592
A027,29,596
A027,29,598
A027,29,600
A027,29,601
A027,29,602
A027,29,604
A027,29,606
A027,29,608
A027,29,610
A027,29,616
A027,29,622
A027,29,623
A026,29,637
A026,29,645
A026,29,723
A025,29,743
A025,29,744
A025,29,747
A025,29,750
A025,29,751
A025,29,754
A025,29,763
A025,29,792
A025,29,798
A025,29,799
A025,29,802
A025,29,806
A025,29,814
A025,29,821
A025,29,831
A025,29,842
A025,29,849
A025,29,859
A024,29,880
A024,29,888
A024,29,899
A024,29,908
A024,29,925
A024,29,934
A024,29,936
A024,29,937
A024,29,948
A024,29,974
A023,29,1017
A021,29,1285
A033Front,29,2790
A033Front,29,2830
A032,30,2
A032,30,5
A032,30,8
A032,30,12
A032,30,16
A032,30,19
A032,30,22
A032,30,26
A032,30,29
A032,30,33
A032,30,37
A032,30,41
A032,30,45
A032,30,49
A032,30,53
A032,30,57
A032,30,60
A032,30,64
A032,30,67
A032,30,70
A032,30,74
A032,30,77
A032,30,80
A032,30,83
A032,30,86
A032,30,89
A032,30,92
A032,30,100
A032,30,107
A031,30,112
A031,30,126
A031,30,129
A031,30,137
A031,30,148
A031,30,151
A031,30,154
A031,30,158
A031,30,161
A031,30,165
A031,30,169
A031,30,172
A031,30,174
A031,30,178
A031,30,181
A031,30,183
A031,30,185
A031,30,191
A031,30,195
A031,30,202
A031,30,206
A031,30,210
A031,30,214
A030,30,269
A029,30,303
A029,30,305
A029,30,309
A029,30,310
A029,30,317
A029,30,326
A029,30,330
A029,30,332
A029,30,335
A029,30,339
A029,30,345
A029,30,352
A029,30,360
A029,30,364
A029,30,368
A029,30,371
A029,30,375
A029,30,381
A029,30,388
A029,30,392
A029,30,396
A029,30,400
A029,30,413
A028,30,417
A028,30,420
A028,30,432
A028,30,473
A027,30,536
A027,30,543
A027,30,563
A027,30,609
A025,30,745
A025,30,753
A025,30,756
A025,30,762
A025,30,770
A025,30,778
A025,30,785
A025,30,788
A025,30,794
A025,30,801
A025,30,805
A025,30,809
A025,30,813
A025,30,820
A025,30,826
A025,30,844
A025,30,851
A025,30,858
A024,30,958
A023,30,987
A023,30,1005
A023,30,1018
A023,30,1030
A023,30,1033
A023,30,1038
A023,30,1040
A023,30,1044
A023,30,1045
A023,30,1046
A023,30,1055
A023,30,1057
A023,30,1058
A023,30,1061
A023,30,1062
A023,30,1071
A023,30,1074
A023,30,1076
A023,30,1078
A022,30,1084
A022,30,1106
A021,30,1260
A021,30,1272
A021,30,1284
A020,30,1320
A020,30,1351
A020,30,1389
A020,30,1390
A019,30,1402
A019,30,1417
A019,30,1433
A018,30,1508
A017,30,1712
A017,30,1719
A033Front,30,2738
A033Front,30,2741
A033Front,30,2755
A033Front,30,2758
A033Front,30,2759
A033Front,30,2762
A033Front,30,2766
A033Front,30,2770
A033Front,30,2771
A033Front,30,2776
A033Front,30,2779
A033Front,30,2783
A033Front,30,2786
A033Front,30,2807
A033Front,30,2813
A033Front,30,2816
A033Front,30,2820
A033Front,30,2824
A033Front,30,2826
A033Front,30,2828
A033Front,30,2832
A033Parking,30,2869
A033Parking,30,2870
A033Parking,30,2903
A033Parking,30,2905
A033Parking,30,2907
A033Parking,30,2908
A032,31,104
A031,31,116
A031,31,123
A031,31,133
A031,31,139
A031,31,141
A031,31,144
A031,31,188
A031,31,217
A030,31,247
A030,31,276
A030,31,282
A030,31,285
A030,31,295
A030,31,301
A020,31,1291
A020,31,1380
A019,31,1399
A019,31,1406
A019,31,1413
A019,31,1431
A019,31,1437
A019,31,1441
A019,31,1444
A019,31,1461
A019,31,1470
A019,31,1477
A019,31,1484
A019,31,1489
A019,31,1493
A019,31,1496
A019,31,1499
A018,31,1518
A018,31,1529
A018,31,1540
A018,31,1543
A018,31,1554
A018,31,1556
A018,31,1558
A018,31,1566
A018,31,1573
A018,31,1580
A018,31,1587
A018,31,1605
A018,31,1612
A017,31,1620
A017,31,1630
A017,31,1634
A017,31,1638
A017,31,1642
A017,31,1649
A017,31,1653
A017,31,1656
A017,31,1658
A017,31,1664
A017,31,1667
A017,31,1668
A017,31,1672
A017,31,1680
A017,31,1683
A017,31,1687
A017,31,1691
A017,31,1695
A017,31,1698
A017,31,1701
A017,31,1704
A017,31,1708
A017,31,1716
A016,31,2045
A016,31,2070
A016,31,2094
A016,31,2110
A016,31,2119
A016,31,2126
A016,31,2136
A033Front,31,2743
A033Front,31,2798
A033Parking,31,2859
A033Parking,31,2863
A033Parking,31,2866
A033Parking,31,2872
A033Parking,31,2874
A033Parking,31,2879
A033Parking,31,2882
A033Parking,31,2887
A033Parking,31,2888
A033Parking,31,2890
A033Parking,31,2891
A033Parking,31,2893
A033Parking,31,2899
A033Parking,31,2900
A033Parking,31,2901
A033Parking,31,2902
A033Parking,31,2904
A033Parking,31,2911
A032,32,4
A032,32,6
A032,32,11
A032,32,15
A032,32,17
A032,32,20
A032,32,21
A032,32,24
A032,32,25
A032,32,27
A032,32,28
A032,32,31
A032,32,32
A032,32,38
A032,32,39
A032,32,40
A032,32,42
A032,32,44
A032,32,46
A032,32,47
A032,32,50
A032,32,52
A032,32,54
A032,32,55
A032,32,56
A032,32,61
A032,32,62
A032,32,66
A032,32,72
A032,32,73
A032,32,75
A032,32,76
A032,32,79
A032,32,81
A032,32,82
A032,32,85
A032,32,87
A032,32,91
A032,32,93
A032,32,94
A032,32,95
A032,32,102
A032,32,105
A032,32,106
A031,32,113
A031,32,117
A031,32,124
A031,32,125
A031,32,135
A031,32,136
A031,32,142
A031,32,143
A031,32,145
A031,32,150
A031,32,152
A031,32,167
A031,32,168
A031,32,170
A031,32,171
A031,32,177
A031,32,179
A031,32,180
A031,32,186
A031,32,187
A031,32,189
A031,32,196
A031,32,197
A031,32,199
A031,32,208
A031,32,209
A031,32,211
A031,32,216
A030,32,224
A030,32,239
A030,32,246
A029,32,315
A029,32,347
A029,32,349
A029,32,358
A029,32,372
A029,32,379
A029,32,394
A027,32,549
A027,32,552
A027,32,558
A027,32,573
A027,32,597
A027,32,611
A027,32,613
A027,32,618
A027,32,619
A027,32,625
A027,32,626
A025,32,748
A025,32,760
A025,32,767
A025,32,768
A025,32,769
A025,32,775
A025,32,776
A025,32,777
A025,32,782
A025,32,783
A025,32,790
A025,32,796
A025,32,803
A025,32,810
A025,32,811
A025,32,812
A025,32,817
A025,32,818
A025,32,825
A025,32,827
A025,32,841
A025,32,845
A025,32,846
A025,32,847
A025,32,853
A025,32,854
A025,32,857
A024,32,864
A024,32,866
A024,32,909
A024,32,911
A024,32,926
A024,32,957
A024,32,964
A024,32,967
A023,32,979
A023,32,981
A023,32,983
A023,32,989
A023,32,995
A023,32,1003
A023,32,1014
A023,32,1024
A023,32,1026
A023,32,1028
A023,32,1053
A023,32,1069
A021,32,1205
A033Front,32,2723
A033Front,32,2737
A033Front,32,2753
A033Front,32,2756
A033Front,32,2765
A033Front,32,2768
A033Front,32,2769
A033Front,32,2806
A033Front,32,2818
A033Front,32,2833
A032,33,13
A032,33,34
A031,33,109
A031,33,110
A027,33,569
A027,33,603
A027,33,614
A026,33,629
A026,33,738
A023,33,976
A033Front,33,2724
A033Front,33,2725
A033Front,33,2726
A033Front,33,2727
A033Front,33,2728
A033Front,33,2734
A033Front,33,2736
A033Front,33,2739
A033Front,33,2740
A033Front,33,2747
A033Front,33,2748
A033Front,33,2750
A033Front,33,2752
A033Front,33,2754
A033Front,33,2757
A033Front,33,2760
A033Front,33,2761
A033Front,33,2764
A033Front,33,2767
A033Front,33,2772
A033Front,33,2778
A033Front,33,2780
A033Front,33,2781
A033Front,33,2784
A033Front,33,2791
A033Front,33,2793
A033Front,33,2795
A033Front,33,2797
A033Front,33,2805
A033Front,33,2808
A033Front,33,2809
A033Front,33,2817
A033Front,33,2821
A033Front,33,2823
A033Front,33,2829
A033Parking,33,2875
A033Front,34,2731
A033Front,34,2735
A033Front,34,2751
A033Front,34,2773
A033Front,34,2788
A033Front,34,2803
A033Front,34,2810
A033Parking,34,2837
A033Parking,34,2840
A033Parking,34,2845
A033Parking,34,2846
A033Parking,34,2848
A033Parking,34,2850
A033Parking,34,2852
A033Parking,34,2854
A033Parking,34,2856
A033Parking,34,2858
A033Parking,34,2860
A033Parking,34,2862
A033Parking,34,2864
A033Parking,34,2865
A033Parking,34,2867
A033Parking,34,2868
A033Parking,34,2871
A033Parking,34,2873
A033Parking,34,2876
A033Parking,34,2877
A033Parking,34,2880
A033Parking,34,2883
A033Parking,34,2884
A033Parking,34,2885
A033Parking,34,2886
A033Parking,34,2889
A033Parking,34,2892
A033Parking,34,2894
A033Parking,34,2895
A033Parking,34,2896
A033Parking,34,2897
A033Parking,34,2898
A033Parking,34,2906
A033Parking,34,2910
A033Parking,34,2913
A033Parking,34,2914
A033Parking,34,2916
A033Parking,34,2917
A033Parking,34,2918
A033Parking,34,2919
A033Parking,34,2920
A033Parking,34,2921
A033Parking,34,2922
A033Parking,34,2923
A033Parking,34,2924
A033Parking,34,2925
A033Parking,34,2926
A033Parking,34,2927
A033Parking,34,2928
A033Parking,34,2929
A033Parking,34,2930
A033Parking,34,2931
A033Parking,34,2932
A033Parking,34,2933
A033Parking,34,2934
A033Parking,34,2935
A033Parking,34,2936
A033Parking,34,2938
A006,34,2942
